wariant,n,n_pos,threshold,mcc,f1,auc,accuracy
whole-seq LONO | mean,275,68,0.5,0.6334255781814029,0.7142857142857142,0.8263711281614095,0.8690909090909091
whole-seq LONO | max,275,68,0.5,0.642632263356724,0.72,0.8596192100028417,0.8727272727272727
whole-seq LONO | ensemble,275,68,0.5,0.6654744654292468,0.7401574803149606,0.8496732026143791,0.88
HV LONO | mean,275,68,0.5,0.6290494637893003,0.7049180327868853,0.8475419153168514,0.8690909090909091
HV LONO | max,275,68,0.5,0.5782575875832939,0.6769230769230768,0.8307757885763001,0.8472727272727273
HV LONO | ensemble,275,68,0.5,0.6244096212705925,0.7086614173228345,0.8464762716680875,0.8654545454545455
whole-seq LOO | mean,275,68,0.5,0.864741502930694,0.8985507246376812,0.9906933788007957,0.9490909090909091
whole-seq LOO | max,275,68,0.5,0.884090885624424,0.9130434782608695,0.994458653026428,0.9563636363636364
whole-seq LOO | ensemble,275,68,0.5,0.9023159988633135,0.9264705882352942,0.9935350951974993,0.9636363636363636
