phenotype,n,n_pos,mcc,f1,auc
D1,11,7,,0.0,0.8928571428571429
D2,22,10,,0.0,0.925
E1,66,18,0.5763183643984088,0.6792452830188679,0.9050925925925926
E2,11,9,0.5163977794943223,0.8,1.0
E3,44,24,0.9549869109050657,0.9795918367346939,1.0
d3,77,0,,0.0,
e4,44,0,,0.0,
