PC,explained_variance_ratio,cumulative
1,0.40456787,0.40456787
2,0.2911145,0.6956824
3,0.11167831,0.8073607
4,0.04271713,0.85007787
5,0.02618903,0.8762669
6,0.022085644,0.89835256
7,0.018412301,0.91676486
8,0.013626317,0.9303912
9,0.0098573,0.9402485
10,0.008141495,0.94839
