PC,explained_variance_ratio,cumulative
1,0.38118842,0.38118842
2,0.2954565,0.6766449
3,0.12587988,0.8025248
4,0.06585475,0.86837953
5,0.027705504,0.896085
6,0.020642437,0.9167275
7,0.013466762,0.93019426
8,0.012302155,0.9424964
9,0.010373252,0.95286965
10,0.008944167,0.9618138
