phenotype,n,n_pos,mcc,f1,auc
D1,11,7,0.0,0.0,0.9642857142857143
D2,22,10,0.0,0.0,0.7000000000000001
E1,66,18,0.49371044145328746,0.6206896551724138,0.9016203703703702
E2,11,9,-0.28867513459481287,0.7058823529411765,0.0
E3,44,24,0.0,0.7058823529411765,0.65
d3,77,0,,0.0,
e4,44,0,,0.0,
