fenotyp,n,n_pos,mcc,f1,auc
D1,11,7,0.0,0.0,1.0
D2,22,10,0.0,0.0,0.9083333333333333
E1,66,18,0.8473185457363234,0.875,0.9861111111111112
E2,11,9,0.5163977794943223,0.8,0.7777777777777778
E3,44,24,0.7878385971583353,0.9056603773584906,1.0
d3,77,0,,0.0,
e4,44,0,,0.0,
